,Iteration,Loss,Train_Loss,entropy
0,0,4.131565,3.7829096,47.641544
1,100,1.9410411,0.12282,43.78939
