,Iteration,Loss,Train_Loss,entropy
0,0,4.1654935,3.8319774,47.672993
1,100,0.4262211,0.104110375,36.27859
