,Iteration,Loss,Train_Loss,entropy
0,0,4.206051,3.73636,28.744305
1,100,4.06493,0.109400064,28.744305
2,200,0.60010695,0.07791837,28.744305
