,Iteration,Loss,Train_Loss,entropy
0,0,4.1234536,3.8782303,47.680737
1,100,0.6402346,0.14649244,42.66919
