,Iteration,Loss,Train_Loss,entropy
0,0,4.2379274,3.8011706,41.659447
1,100,1.0629342,0.08923246,41.659447
