,Iteration,Loss,Train_Loss,a_entropy,b_entropy
0,0,4.2437053,3.8027287,48.1289,48.1289
1,100,1.0417767,0.08675256,41.27436,41.27436
