,Iteration,Loss,Train_Loss,entropy
0,0,4.1569996,3.8164625,47.475914
1,100,0.5169509,0.0996007,35.18213
