,Iteration,Loss,Train_Loss,entropy
0,0,4.171608,3.7109735,14.404464
1,100,5.2296576,0.11445485,14.404464
2,200,0.99510974,0.080583274,14.404464
3,300,0.2751208,0.068673156,14.404464
