,Iteration,Loss,Train_Loss,entropy
0,0,4.142325,3.7837348,47.89143
1,100,1.7543343,0.12653516,42.62136
