,Iteration,Loss,Train_Loss,entropy
0,0,4.1601305,3.8086946,47.715206
1,100,0.75990844,0.10954733,40.712994
