,Iteration,Loss,Train_Loss,entropy
0,0,4.202403,3.7673352,23.556627
1,100,3.0421917,0.10472379,23.556627
2,200,0.38866037,0.07644561,23.556627
