,Iteration,Loss,Train_Loss,entropy
0,0,4.106677,3.847952,47.948357
1,100,1.8559778,0.20068778,44.073307
2,200,0.71139866,0.16412976,29.951061
