,Iteration,Loss,Train_Loss,entropy
0,0,4.1655707,3.8344505,47.885956
1,100,0.351614,0.098978594,33.076847
