,Iteration,Loss,Train_Loss,entropy
0,0,4.1169567,3.7511256,47.785515
1,100,3.4902356,0.13494547,45.80276
2,200,0.39335993,0.090257466,17.865294
3,300,0.27005175,0.08371304,12.068565
4,400,0.26061806,0.08266985,11.842742
5,500,0.25431338,0.082085624,11.726384
