,Iteration,Loss,Train_Loss,a_entropy,b_entropy
0,0,9.821777,9.159111,47.882935,47.882935
1,100,2.1871972,1.5011731,38.347916,38.347916
