,Iteration,Loss,Train_Loss,entropy
0,0,4.169044,3.8462431,47.903805
1,100,0.40480983,0.10584642,36.7648
