,Iteration,Loss,Train_Loss,a_entropy,b_entropy
0,0,4.2224,3.79848,47.792534,47.792534
1,100,1.1079531,0.08966108,42.042053,42.042053
