,Iteration,Loss,Train_Loss,entropy
0,0,4.128916,3.8772712,47.8608
1,100,0.8095882,0.1781967,43.736362
