,Iteration,Loss,Train_Loss,entropy
0,0,4.12125,3.714726,47.85423
1,100,5.2054687,0.14844342,46.417355
