,Iteration,Loss,Train_Loss,entropy
0,0,4.1354136,3.7790341,47.62294
1,100,1.8135544,0.12387696,41.80275
2,200,0.23191234,0.090005375,14.313173
