,Iteration,Loss,Train_Loss,entropy
0,0,4.103582,3.8378353,47.817276
1,100,2.514047,0.20888625,46.135406
2,200,0.87996215,0.16361521,33.1248
