,Iteration,Loss,Train_Loss,a_entropy,b_entropy
0,0,9.80813,9.103443,48.06805,48.06805
1,100,2.6452148,1.5066993,40.551872,40.551872
