,Iteration,Loss,Train_Loss,entropy
0,0,4.153755,3.8200746,47.928734
1,100,0.6398671,0.10706758,37.248703
