,Iteration,Loss,Train_Loss,entropy
0,0,4.2388263,3.7968814,43.012695
1,100,1.0991932,0.08757277,43.012695
