,Iteration,Loss,Train_Loss,entropy
0,0,4.120911,3.8293862,47.70864
1,100,2.543189,0.1779621,46.38564
2,200,0.81611484,0.14649814,38.03689
3,300,0.5511087,0.13572322,27.351015
4,400,0.447304,0.13060272,21.978926
5,500,0.4131833,0.12777804,19.235588
