,Iteration,Loss,Train_Loss,entropy
0,0,4.174801,3.8454876,47.88266
1,100,0.4119793,0.10325507,39.40859
