,Iteration,Loss,Train_Loss,entropy
0,0,4.1024804,3.8531528,47.721863
1,100,1.3559294,0.18809432,42.707226
