,Iteration,Loss,Train_Loss,entropy
0,0,4.144889,3.7996857,47.790436
1,100,1.3369757,0.12034917,42.14523
2,200,0.28038204,0.09592088,17.83453
