,Iteration,Loss,Train_Loss,entropy
0,0,4.164237,3.826677,47.656403
1,100,0.45883998,0.10480644,36.58288
