,Iteration,Loss,Train_Loss,entropy
0,0,4.1451445,3.7995532,47.722668
1,100,0.752697,0.10680166,36.056126
2,200,0.1740112,0.08101874,11.525621
