,Iteration,Loss,Train_Loss,a_entropy,b_entropy
0,0,4.2659335,3.8249602,47.519592,47.519592
1,100,0.5744822,0.08027066,38.239716,38.239716
