,Iteration,Loss,Train_Loss,entropy
0,0,4.149478,3.79776,47.883423
1,100,1.0909425,0.11434686,38.67532
