,Iteration,Loss,Train_Loss,entropy
0,0,4.177033,3.8509169,47.957935
1,100,0.3777264,0.10452224,38.89935
