,Iteration,Loss,Train_Loss,entropy
0,0,4.159897,3.82182,47.88581
1,100,0.51193684,0.10561612,40.37955
