,Iteration,Loss,Train_Loss,entropy
0,0,4.1727123,3.8273978,47.968094
1,100,0.41986457,0.099595934,34.039093
