,Iteration,Loss,Train_Loss,entropy
0,0,4.1691723,3.8230908,47.91349
1,100,0.39323294,0.097659774,33.422855
