,Iteration,Loss,Train_Loss,a_entropy,b_entropy
0,0,9.791232,9.130542,47.927223,47.927223
1,100,2.4570782,1.5047288,41.88713,41.88713
