,Iteration,Loss,Train_Loss,entropy
0,0,4.194903,3.7092648,12.239871
1,100,5.741066,0.11763547,12.239871
2,200,1.4569666,0.081825234,12.239871
3,300,0.3500646,0.069445,12.239871
4,400,0.23331526,0.066108085,12.239871
