,Iteration,Loss,Train_Loss,entropy
0,0,4.2468348,3.8251553,35.823265
1,100,0.4996411,0.078076966,35.823265
