,Iteration,Loss,Train_Loss,entropy
0,0,4.1738143,3.8206341,47.815376
1,100,0.5006383,0.10651529,36.196133
