,Iteration,Loss,Train_Loss,entropy
0,0,4.109143,3.8422847,47.92015
1,100,1.7660879,0.19513121,44.678413
2,200,0.69524926,0.1661096,29.288427
