,Iteration,Loss,Train_Loss,entropy
0,0,4.1616883,3.8139257,47.8851
1,100,0.6572053,0.10751069,37.84334
