,Iteration,Loss,Train_Loss,a_entropy,b_entropy
0,0,4.1782594,3.6558883,47.916862,47.916862
1,100,6.9068375,0.11721766,47.93543,47.93543
2,200,4.0003233,0.093086794,43.158978,43.158978
3,300,1.0725143,0.07612899,24.563055,24.563055
4,400,0.3468896,0.066342935,12.604478,12.604478
