,Iteration,Loss,Train_Loss,entropy
0,0,4.128463,3.80277,47.603302
1,100,1.193227,0.11268382,41.450806
