,Iteration,Loss,Train_Loss,entropy
0,0,4.1490235,3.793065,47.566692
1,100,1.1351526,0.114981584,39.729183
