,Iteration,Loss,Train_Loss,entropy
0,0,4.1676807,3.862189,47.91572
1,100,0.33704904,0.10454898,37.884712
