,Iteration,Loss,Train_Loss,entropy
0,0,4.110636,3.8433228,47.634525
1,100,1.167282,0.15797189,43.19191
2,200,0.46054122,0.13934201,28.86512
