,Iteration,Loss,Train_Loss,entropy
0,0,4.148308,3.796676,47.72972
1,100,1.0428098,0.10885115,38.8917
