,Iteration,Loss,Train_Loss,entropy
0,0,4.137279,3.796156,47.754967
1,100,1.2817011,0.118672766,41.90561
