,Iteration,Loss,Train_Loss,entropy
0,0,4.156117,3.835094,47.87419
1,100,0.4240731,0.10229758,35.137497
