,Iteration,Loss,Train_Loss,entropy
0,0,4.1161647,3.8659024,47.821255
1,100,1.0198976,0.17826961,44.573185
