,Iteration,Loss,Train_Loss,entropy
0,0,4.1677904,3.851751,47.63992
1,100,0.30533326,0.09773386,32.440334
