,Iteration,Loss,Train_Loss,entropy
0,0,4.1904097,3.7022238,11.418979
1,100,5.2824774,0.11411825,11.418979
2,200,1.0414486,0.081613846,11.418979
3,300,0.189854,0.06590691,11.418979
