,Iteration,Loss,Train_Loss,entropy
0,0,4.128291,3.762159,47.814735
1,100,2.0755377,0.117770374,41.38808
2,200,0.26638088,0.08215885,13.64983
3,300,0.23080516,0.07878908,11.848077
