,Iteration,Loss,Train_Loss,entropy
0,0,4.160412,3.8330367,48.002254
1,100,0.4093495,0.10308605,35.479427
