,Iteration,Loss,Train_Loss,entropy
0,0,4.1344852,3.7505364,48.019768
1,100,3.2329617,0.1339064,45.503036
2,200,0.3764851,0.095056064,17.952377
3,300,0.21505097,0.08448192,9.053157
