,Iteration,Loss,Train_Loss,entropy
0,0,4.1347423,3.896161,47.821793
1,100,0.64837164,0.17325,42.8906
