,Iteration,Loss,Train_Loss,entropy
0,0,4.142625,3.7934787,48.27768
1,100,1.4264987,0.12132439,44.312504
