,Iteration,Loss,Train_Loss,entropy
0,0,4.1710362,3.8276446,48.230278
1,100,0.49330366,0.10851279,39.64719
