,Iteration,Loss,Train_Loss,entropy
0,0,4.143661,3.774127,48.018955
1,100,1.8789524,0.120685324,43.131565
