,Iteration,Loss,Train_Loss,entropy
0,0,4.145154,3.8169103,47.702988
1,100,0.5657041,0.098727815,34.96982
