,Iteration,Loss,Train_Loss,entropy
0,0,4.1271787,3.7350783,48.100792
1,100,4.437384,0.14534399,46.53348
2,200,0.6368291,0.09467831,23.629042
3,300,0.30119142,0.08294591,13.500677
4,400,0.27759582,0.081836924,13.174835
5,500,0.25400606,0.08106664,11.332312
