,Iteration,Loss,Train_Loss,a_entropy,b_entropy
0,0,9.670643,8.878457,47.805275,47.805275
1,100,15.138682,1.5615661,48.49045,48.49045
2,200,7.0005064,1.5137193,43.01832,43.01832
3,300,2.4282184,1.4794761,22.539885,22.539885
4,400,1.9692725,1.4711838,13.853315,13.853315
