,Iteration,Loss,Train_Loss,entropy
0,0,4.145007,3.8177226,47.872223
1,100,0.5702276,0.10039091,35.585934
