,Iteration,Loss,Train_Loss,a_entropy,b_entropy
0,0,4.2257605,3.8062043,47.918724,47.918724
1,100,0.9990249,0.088153265,41.680023,41.680023
