,Iteration,Loss,Train_Loss,entropy
0,0,4.1166816,3.778842,48.1067
1,100,2.693197,0.13256621,45.325043
2,200,0.23826239,0.08756267,13.872524
