,Iteration,Loss,Train_Loss,entropy
0,0,4.141283,3.7449462,47.88066
1,100,3.037476,0.13012233,43.0291
2,200,0.27699015,0.08138164,13.587736
3,300,0.24663058,0.0786853,11.7942295
