,Iteration,Loss,Train_Loss,entropy
0,0,4.1475058,3.7942228,47.835327
1,100,0.98360276,0.11096105,40.42169
2,200,0.23001324,0.08919559,16.29843
