,Iteration,Loss,Train_Loss,entropy
0,0,4.1078634,3.8756514,47.870106
1,100,0.79044586,0.17523359,41.80862
