,Iteration,Loss,Train_Loss,entropy
0,0,4.1532254,3.8152492,47.799065
1,100,0.46586016,0.10230116,30.52751
