,Iteration,Loss,Train_Loss,entropy
0,0,4.1446795,3.8083856,47.910076
1,100,0.7155846,0.104028486,37.46506
