,Iteration,Loss,Train_Loss,entropy
0,0,4.2139535,3.7549958,46.001812
1,100,3.0812454,0.10197489,46.001812
