,Iteration,Loss,Train_Loss,entropy
0,0,4.16238,3.8368983,47.863277
1,100,0.5097043,0.10671472,37.836006
