,Iteration,Loss,Train_Loss,a_entropy,b_entropy
0,0,4.1795387,3.6734211,47.550243,47.550243
1,100,6.412346,0.11671893,48.202564,48.202564
2,200,3.1214988,0.09196823,42.06035,42.06035
3,300,0.5934406,0.07071489,20.754013,20.754013
