,Iteration,Loss,Train_Loss,a_entropy,b_entropy
0,0,9.805434,9.161575,47.775536,47.775536
1,100,2.3535514,1.5081017,44.62911,44.62911
