,Iteration,Loss,Train_Loss,a_entropy,b_entropy
0,0,9.770744,9.106195,47.389957,47.389957
1,100,2.8924801,1.5152442,41.0937,41.0937
