,Iteration,Loss,Train_Loss,entropy
0,0,4.107201,3.8375874,47.829647
1,100,2.285845,0.20349972,44.48181
2,200,0.8560193,0.17233767,29.100801
3,300,0.5969071,0.16215722,19.604288
4,400,0.55356205,0.15849666,17.5595
5,500,0.5279991,0.15658486,16.741667
6,600,0.4739103,0.15415347,14.956159
7,700,0.47271907,0.15325408,14.94553
