,Iteration,Loss,Train_Loss,entropy
0,0,4.1187797,3.7183306,47.818237
1,100,5.5333652,0.15181348,47.595848
2,200,1.6914572,0.11390943,35.63526
3,300,0.40590733,0.09036094,15.442714
4,400,0.27443054,0.082851134,10.354522
5,500,0.25690988,0.08116785,9.748384
6,600,0.25484493,0.08079241,9.730063
