,Iteration,Loss,Train_Loss,entropy
0,0,4.2338905,3.805194,37.98947
1,100,0.8329055,0.08066004,37.98947
