,Iteration,Loss,Train_Loss,a_entropy,b_entropy
0,0,4.2017016,3.7364426,47.50095,47.50095
1,100,3.735902,0.10507766,45.777138,45.777138
2,200,0.43810943,0.07288705,23.456442,23.456442
