,Iteration,Loss,Train_Loss,entropy
0,0,4.1546865,3.8194764,47.948257
1,100,0.6634318,0.10770001,39.340595
