,Iteration,Loss,Train_Loss,entropy
0,0,4.1373763,3.7791615,48.112663
1,100,1.6221483,0.11895348,42.8374
2,200,0.23573357,0.08658326,15.143706
3,300,0.18046264,0.080785334,9.879873
