,Iteration,Loss,Train_Loss,a_entropy,b_entropy
0,0,9.696213,8.970521,47.827507,47.827507
1,100,8.535978,1.5376887,44.245438,44.245438
