,Iteration,Loss,Train_Loss,entropy
0,0,4.1039968,3.834972,47.833073
1,100,2.3586407,0.2062636,45.488644
2,200,0.97979605,0.17376101,35.78147
3,300,0.67322284,0.16162196,24.173534
4,400,0.6020019,0.15655857,20.753696
