,Iteration,Loss,Train_Loss,a_entropy,b_entropy
0,0,4.188575,3.7341917,47.912086,47.912086
1,100,3.8585422,0.10681569,44.993835,44.993835
2,200,0.33941323,0.073853396,18.120522,18.120522
