,Iteration,Loss,Train_Loss,a_entropy,b_entropy
0,0,9.669177,8.931587,47.863815,47.863815
1,100,12.403963,1.555282,48.046005,48.046005
2,200,3.9621553,1.5031567,37.85669,37.85669
3,300,2.139328,1.4779629,22.614553,22.614553
