,Iteration,Loss,Train_Loss,entropy
0,0,4.1606636,3.8191035,47.809982
1,100,0.59918195,0.10493875,37.04222
