,Iteration,Loss,Train_Loss,entropy
0,0,4.2017016,3.7364426,23.456442
1,100,3.735902,0.10507766,23.456442
2,200,0.43810943,0.07288705,23.456442
