,Iteration,Loss,Train_Loss,entropy
0,0,4.1475782,3.7912393,47.422012
1,100,1.2442535,0.11332872,41.72541
2,200,0.28947508,0.09220298,18.185043
