,Iteration,Loss,Train_Loss,entropy
0,0,4.1710243,3.8382869,47.306747
1,100,0.39293024,0.10277871,36.22934
