,Iteration,Loss,Train_Loss,entropy
0,0,4.152689,3.8137846,47.768917
1,100,0.64656216,0.110405475,38.65879
2,200,0.179203,0.08547352,13.480294
