,Iteration,Loss,Train_Loss,a_entropy,b_entropy
0,0,4.22166,3.7808776,47.81265,47.81265
1,100,1.8167166,0.093459584,44.7569,44.7569
