,Iteration,Loss,Train_Loss,entropy
0,0,4.167716,3.8337648,47.68429
1,100,0.4175954,0.101047926,34.94004
