,Iteration,Loss,PCA_Loss,Proton_Entropy,Neutron_Entropy
0,0,0.97913826,0.97622937,49.107742,53.06901
1,100,0.45215604,0.50587237,48.896294,52.940426
2,200,0.22045991,0.24856862,48.53945,52.87748
