,Iteration,Loss,Train_Loss,entropy
0,0,4.118711,3.813433,47.911686
1,100,2.5278928,0.17684256,45.72779
2,200,0.8511577,0.14642791,37.168407
3,300,0.5846924,0.13911034,27.841763
4,400,0.45681274,0.13343519,22.789614
