,Iteration,Loss,Train_Loss,entropy
0,0,4.2492642,3.8392675,39.736423
1,100,0.46872297,0.080436416,39.736423
