,Iteration,Loss,Train_Loss,entropy
0,0,4.1581492,3.8140068,47.42206
1,100,0.75792485,0.1086313,39.54551
2,200,0.20394139,0.08550393,15.475453
