,Iteration,Loss,Train_Loss,entropy
0,0,4.154293,3.8178828,47.68429
1,100,0.59165734,0.10484901,37.063168
