,Iteration,Loss,Train_Loss,entropy
0,0,4.1034436,3.831843,47.694206
1,100,2.58896,0.21076286,44.69646
2,200,0.9074629,0.16874477,32.686497
3,300,0.595978,0.15578292,21.896896
