,Iteration,Loss,Train_Loss,a_entropy,b_entropy
0,0,9.735185,9.076645,48.015797,48.015797
1,100,3.8847375,1.5205594,43.21895,43.21895
