,Iteration,Loss,Train_Loss,entropy
0,0,4.1639204,3.829993,47.778877
1,100,0.48467278,0.10868636,36.27501
