,Iteration,Loss,Train_Loss,entropy
0,0,4.156417,3.7955742,47.495964
1,100,1.1415708,0.11505889,42.07715
