,Iteration,Loss,Train_Loss,entropy
0,0,4.1198177,3.862147,47.57786
1,100,1.4165566,0.18947934,44.10747
