,Iteration,Loss,Train_Loss,a_entropy,b_entropy
0,0,4.234543,3.7763157,47.63282,47.63282
1,100,2.043917,0.09506769,44.2235,44.2235
