,Iteration,Loss,Train_Loss,entropy
0,0,4.155706,3.8149393,47.7056
1,100,0.5992587,0.104798764,37.233936
