,Iteration,Loss,Train_Loss,entropy
0,0,4.175306,3.677133,10.494679
1,100,6.6505103,0.116754115,10.494679
2,200,2.6916075,0.08734329,10.494679
3,300,0.3809788,0.06913201,10.494679
4,400,0.24149875,0.06405104,10.494679
