,Iteration,Loss,Train_Loss,entropy
0,0,4.230823,3.7843587,44.066154
1,100,1.7327508,0.094338045,44.066154
