,Iteration,Loss,Train_Loss,entropy
0,0,4.1936994,3.8677633,47.566998
1,100,0.6081472,0.15000218,41.82998
