,Iteration,Loss,Train_Loss,entropy
0,0,4.1582003,3.8248377,47.990345
1,100,0.5386744,0.10571126,38.224037
