,Iteration,Loss,Train_Loss,entropy
0,0,4.1457224,3.854252,48.01054
1,100,0.9717699,0.15462857,44.25434
