,Iteration,Loss,Train_Loss,entropy
0,0,4.2593765,3.8138566,40.641186
1,100,0.6659692,0.08213985,40.641186
