,Iteration,Loss,Train_Loss,entropy
0,0,4.179621,3.8396542,47.745796
1,100,0.39318973,0.1058193,35.193523
