,Iteration,Loss,Train_Loss,entropy
0,0,4.1108966,3.8335946,47.851307
1,100,1.7385147,0.16660023,45.252666
2,200,0.5498121,0.13730134,31.571949
