,Iteration,Loss,Train_Loss,a_entropy,b_entropy
0,0,9.770904,9.131082,47.901592,47.901592
1,100,2.4736924,1.5081397,40.88105,40.88105
