,Iteration,Loss,Train_Loss,entropy
0,0,4.221601,3.7751472,42.86998
1,100,1.3398918,0.08688034,42.86998
