,Iteration,Loss,Train_Loss,entropy
0,0,4.146546,3.7728822,47.651417
1,100,1.9134774,0.12623358,42.462868
2,200,0.285716,0.09286416,17.420284
3,300,0.17875287,0.085402854,8.966713
