,Iteration,Loss,Train_Loss,entropy
0,0,4.16292,3.832257,47.703693
1,100,0.4645971,0.10067419,38.53354
