,Iteration,Loss,Train_Loss,entropy
0,0,4.133786,3.8634732,47.821545
1,100,0.7642117,0.14850044,41.77578
