,Iteration,Loss,Train_Loss,entropy
0,0,4.181616,3.8463602,47.77597
1,100,0.37703386,0.10746231,36.050938
