,Iteration,Loss,Train_Loss,entropy
0,0,4.1380224,3.763868,47.90201
1,100,2.5009177,0.12874596,44.932472
2,200,0.32175094,0.09069759,18.930674
