,Iteration,Loss,Train_Loss,a_entropy,b_entropy
0,0,4.261169,3.8349683,47.777325,47.777325
1,100,0.44307548,0.07983596,38.522438,38.522438
