,Iteration,Loss,Train_Loss,entropy
0,0,4.1655617,3.82997,47.504585
1,100,0.40235287,0.10113988,33.785194
