,Iteration,Loss,Train_Loss,entropy
0,0,4.13876,3.7773185,47.8834
1,100,1.469232,0.11663706,38.2961
