,Iteration,Loss,Train_Loss,entropy
0,0,4.154848,3.8694026,47.64153
1,100,0.688202,0.15034622,42.414566
2,200,0.40548366,0.13789241,29.32493
