,Iteration,Loss,PCA_Loss,Proton_Entropy,Neutron_Entropy
0,0,0.9783147,0.9758518,49.107594,53.0692
1,100,0.37145406,0.48303688,48.979202,53.091827
2,200,0.19800492,0.2787302,48.713318,53.12811
