,Iteration,Loss,Train_Loss,entropy
0,0,4.1408567,3.7765787,47.853466
1,100,1.9645218,0.12304408,41.801434
2,200,0.2650591,0.086551815,15.270277
