,Iteration,Loss,Train_Loss,entropy
0,0,4.1465116,3.7954547,47.736233
1,100,0.9256571,0.10795237,37.767258
