,Iteration,Loss,Train_Loss,a_entropy,b_entropy
0,0,4.1786327,3.7076695,47.77769,47.77769
1,100,5.067688,0.11201738,47.738056,47.738056
2,200,1.1990185,0.08176898,33.412792,33.412792
3,300,0.268363,0.06950739,15.264428,15.264428
