,Iteration,Loss,Train_Loss,entropy
0,0,4.1585145,3.8156598,47.820415
1,100,0.5674946,0.10363177,36.851784
