,Iteration,Loss,Train_Loss,entropy
0,0,4.1213546,3.8683474,47.551838
1,100,1.067635,0.1818398,43.913666
2,200,0.5230579,0.16386284,27.545042
