,Iteration,Loss,Train_Loss,entropy
0,0,4.1452613,3.8098702,47.59597
1,100,0.632309,0.100686096,36.65466
