,Iteration,Loss,Train_Loss,entropy
0,0,4.1139097,3.8781862,47.398376
1,100,0.7552995,0.17454284,40.538475
