,Iteration,Loss,PCA_Loss,Proton_Entropy,Neutron_Entropy
0,0,0.97833174,0.99704,49.107605,53.0691
1,100,0.38694432,0.59282875,49.029057,53.08446
2,200,0.20583323,0.3637799,48.77633,53.129665
3,300,0.18029624,0.29110387,48.499462,53.081047
4,400,0.16733472,0.24821226,48.24317,53.00088
