,Iteration,Loss,Train_Loss,entropy
0,0,4.147498,3.803109,47.498005
1,100,1.0493425,0.11358058,41.4836
