,Iteration,Loss,Train_Loss,entropy
0,0,4.140836,3.783416,48.064426
1,100,1.7173306,0.12561227,43.415737
2,200,0.19815703,0.08250768,12.367332
