,Iteration,Loss,Train_Loss,entropy
0,0,4.1450047,3.7982094,47.72822
1,100,1.3108656,0.11826291,42.561264
2,200,0.33100787,0.09381071,23.138462
