,Iteration,Loss,Train_Loss,entropy
0,0,4.1039686,3.8218353,47.959072
1,100,3.20378,0.2135892,46.815475
2,200,1.0286119,0.16548906,33.0989
