,Iteration,Loss,Train_Loss,a_entropy,b_entropy
0,0,9.754345,9.078844,47.57824,47.57824
1,100,3.8508816,1.5189434,45.064636,45.064636
