,Iteration,Loss,Train_Loss,entropy
0,0,4.1217637,3.7252142,47.642246
1,100,5.05783,0.14854951,46.89035
2,200,0.81788915,0.101192,26.434906
3,300,0.28709865,0.08252696,12.109485
