,Iteration,Loss,Train_Loss,entropy
0,0,4.143701,3.8119159,47.75565
1,100,0.9235679,0.11266762,40.638165
