,Iteration,Loss,Train_Loss,entropy
0,0,4.1510186,3.8021762,47.732002
1,100,0.75329113,0.10426018,36.355194
