,Iteration,Loss,Train_Loss,entropy
0,0,4.1411786,3.7930782,48.162243
1,100,1.5078512,0.12185428,41.776108
