,Iteration,Loss,Proton_Entropy,Neutron_Entropy,Regularization
0,0,1.2173028,48.68652,53.613724,0.0
1,100,0.9570713,48.701126,53.615448,0.0
