,Iteration,Loss,Train_Loss,a_entropy,b_entropy
0,0,4.1628957,3.6639361,47.79405,47.79405
1,100,6.440142,0.11366956,47.207027,47.207027
2,200,2.4965954,0.08579475,34.558792,34.558792
3,300,0.6371093,0.072622344,17.42842,17.42842
