,Iteration,Loss,Train_Loss,a_entropy,b_entropy
0,0,4.240508,3.7787519,47.915287,47.915287
1,100,1.7690508,0.09427761,43.19125,43.19125
