,Iteration,Loss,Train_Loss,entropy
0,0,4.1454763,3.8400528,47.736275
1,100,1.8250641,0.16906892,45.692677
2,200,0.53875405,0.13827455,31.40085
3,300,0.41455406,0.13393086,23.1272
