,Iteration,Loss,Train_Loss,entropy
0,0,4.1741233,3.834804,47.758816
1,100,0.52057844,0.10870446,40.152664
