,Iteration,Loss,Train_Loss,entropy
0,0,4.1518917,3.7913387,47.491688
1,100,1.2104508,0.1150612,41.82474
