,Iteration,Loss,Train_Loss,entropy
0,0,4.1355524,3.8374937,47.496883
1,100,1.1998689,0.15808095,44.753742
2,200,0.46312624,0.13891733,30.060444
