,Iteration,Loss,Train_Loss,entropy
0,0,4.1633286,3.8321931,48.077198
1,100,0.42181757,0.101841025,36.952877
