,Iteration,Loss,Train_Loss,entropy
0,0,4.176946,3.8351772,48.055286
1,100,0.34656027,0.099340685,33.294132
