,Iteration,Loss,Train_Loss,entropy
0,0,4.135072,3.7735023,47.940403
1,100,2.262951,0.12739493,44.76276
2,200,0.33803055,0.09322251,20.88891
