,Iteration,Loss,Train_Loss,entropy
0,0,4.2093134,3.733516,23.593544
1,100,3.9774137,0.10735105,23.593544
2,200,0.47887057,0.07530947,23.593544
