,Iteration,Loss,Train_Loss,entropy
0,0,4.13611,3.77489,47.849586
1,100,2.0834506,0.12969406,43.557823
2,200,0.3329466,0.09336636,20.83175
