,Iteration,Loss,Train_Loss,a_entropy,b_entropy
0,0,9.713199,9.046139,47.86659,47.86659
1,100,4.564019,1.5207297,45.211914,45.211914
