,Iteration,Loss,Train_Loss,a_entropy,b_entropy
0,0,9.716251,9.078982,47.842648,47.842648
1,100,3.7095976,1.5183371,44.09514,44.09514
