,Iteration,Loss,Train_Loss,entropy
0,0,4.1271696,3.8779562,47.781197
1,100,0.84226215,0.1795812,43.35777
