,Iteration,Loss,Train_Loss,entropy
0,0,4.1261063,3.7530038,47.635204
1,100,3.856607,0.14068915,46.84627
2,200,0.6141163,0.099247,24.088413
3,300,0.27351132,0.08449247,11.642659
