,Iteration,Loss,Train_Loss,entropy
0,0,4.160178,3.8134918,47.801193
1,100,0.6283236,0.107337296,34.398655
