,Iteration,Loss,Train_Loss,a_entropy,b_entropy
0,0,4.214991,3.7604523,47.636795,47.636795
1,100,2.5787485,0.09965091,44.194378,44.194378
