,Iteration,Loss,Train_Loss,entropy
0,0,4.130137,3.740314,48.08351
1,100,4.2555137,0.14495559,46.901924
2,200,0.49969867,0.09298193,20.31001
3,300,0.23750722,0.079437025,10.077732
