,Iteration,Loss,Train_Loss,entropy
0,0,4.2176886,3.7522092,21.250677
1,100,2.1789563,0.09518476,21.250677
2,200,0.2732547,0.072126776,21.250677
