,Iteration,Loss,Train_Loss,entropy
0,0,4.149221,3.8562407,48.000942
1,100,0.85007346,0.15519808,41.733074
