,Iteration,Loss,Train_Loss,entropy
0,0,4.145324,3.793385,47.65504
1,100,1.2419273,0.11636306,41.96627
