,Iteration,Loss,Train_Loss,entropy
0,0,4.230177,3.7752879,42.20391
1,100,1.4980154,0.091002636,42.20391
