,Iteration,Loss,Train_Loss,a_entropy,b_entropy
0,0,9.650512,8.884603,47.90287,47.90287
1,100,15.33413,1.5630896,48.339348,48.339348
2,200,8.436343,1.5223876,44.634865,44.634865
3,300,2.7169373,1.4852847,26.899118,26.899118
4,400,1.9681486,1.469172,14.179389,14.179389
