,Iteration,Loss,Train_Loss,entropy
0,0,4.148074,3.792269,47.681404
1,100,1.1120672,0.11614735,39.483593
