,Iteration,Loss,Train_Loss,entropy
0,0,4.169411,3.852273,47.919853
1,100,0.31741002,0.103772365,34.533974
