,Iteration,Loss,Train_Loss,a_entropy,b_entropy
0,0,9.642932,8.946412,47.793846,47.793846
1,100,12.532025,1.5566323,47.88249,47.88249
2,200,4.1913705,1.5053583,38.56981,38.56981
3,300,2.06929,1.4797142,22.162815,22.162815
