,Iteration,Loss,Train_Loss,entropy
0,0,4.1475177,3.8095956,47.81467
1,100,0.80592954,0.1130505,39.4032
2,200,0.20273505,0.087734625,14.5386
