,Iteration,Loss,Train_Loss,a_entropy,b_entropy
0,0,4.2209616,3.7617283,47.897,47.897
1,100,2.7736266,0.100761645,45.00129,45.00129
2,200,0.3097179,0.071198866,20.860706,20.860706
