,Iteration,Loss,Train_Loss,entropy
0,0,4.1681957,3.8184283,47.873173
1,100,0.48416895,0.10087075,36.246315
