,Iteration,Loss,PCA_Loss,Proton_Entropy,Neutron_Entropy
0,0,0.9783275,0.97589564,49.107395,53.0691
1,100,0.3639397,0.49407136,49.003067,53.090687
2,200,0.1999228,0.3585322,48.886234,53.12324
