,Iteration,Loss,Train_Loss,entropy
0,0,4.138636,3.770437,47.56761
1,100,2.025408,0.12557128,45.84381
2,200,0.37330666,0.095251165,24.189976
