,Iteration,Loss,Train_Loss,entropy
0,0,4.1430607,3.7960587,47.684692
1,100,1.0659477,0.11415413,40.921207
