,Iteration,Loss,Train_Loss,entropy
0,0,4.169008,3.842093,47.710747
1,100,0.3667596,0.106084205,38.257954
