,Iteration,Loss,Train_Loss,entropy
0,0,4.130771,3.7427943,47.60352
1,100,4.4955025,0.14737365,46.807564
2,200,0.5763213,0.095368914,23.071558
3,300,0.30134803,0.08431628,13.472702
4,400,0.2739522,0.08242662,12.179877
5,500,0.26619458,0.08208219,11.606168
6,600,0.24440035,0.08168719,10.182696
