,Iteration,Loss,Train_Loss,entropy
0,0,4.143987,3.7932792,47.975605
1,100,0.9561463,0.11129885,38.963314
