,Iteration,Loss,Train_Loss,entropy
0,0,4.132247,3.7451265,47.863575
1,100,3.5524116,0.13855095,45.369854
2,200,0.40906805,0.092601694,18.663904
3,300,0.24578771,0.08354918,11.650082
4,400,0.20946681,0.081963345,10.173456
