,Iteration,Loss,Train_Loss,entropy
0,0,4.188369,3.8604822,47.65481
1,100,0.28518972,0.1018224,35.179245
