,Iteration,Loss,Train_Loss,a_entropy,b_entropy
0,0,9.765461,9.100869,47.589344,47.589344
1,100,2.9093664,1.5109406,42.858574,42.858574
