,Iteration,Loss,Train_Loss,entropy
0,0,4.1372175,3.7531495,47.61765
1,100,2.943719,0.13264126,44.86039
2,200,0.3358965,0.09234673,15.765235
3,300,0.23042388,0.08180355,9.844856
