,Iteration,Loss,Train_Loss,entropy
0,0,4.1412663,3.849501,47.85518
1,100,1.2213522,0.16176192,44.4326
2,200,0.522673,0.14122537,33.183517
