,Iteration,Loss,Train_Loss,entropy
0,0,4.145617,3.7992694,47.852825
1,100,1.3608679,0.12009555,41.68712
