,Iteration,Loss,Train_Loss,entropy
0,0,4.1082687,3.8613517,47.823517
1,100,1.3776199,0.19147508,44.248653
