,Iteration,Loss,Train_Loss,entropy
0,0,4.125617,3.8679774,47.668053
1,100,0.94077826,0.18139222,43.274944
