,Iteration,Loss,Train_Loss,entropy
0,0,4.153108,3.8848772,47.85245
1,100,0.5962073,0.14930072,41.27276
2,200,0.34752485,0.13913932,28.26603
