,Iteration,Loss,Train_Loss,a_entropy,b_entropy
0,0,4.262839,3.817625,47.88968,47.88968
1,100,0.4321315,0.0765131,35.926495,35.926495
