,Iteration,Loss,Train_Loss,entropy
0,0,4.1303144,3.8362923,47.604416
1,100,1.7414348,0.16721323,46.219498
2,200,0.6303896,0.14072703,36.475075
3,300,0.48351824,0.13615105,27.764238
