,Iteration,Loss,Train_Loss,entropy
0,0,4.1443753,3.7658346,47.86793
1,100,2.1226788,0.1262104,42.75221
2,200,0.27912453,0.08898808,17.19982
3,300,0.18828095,0.0809007,9.88017
4,400,0.18608724,0.08024384,9.863824
