,Iteration,Loss,Train_Loss,entropy
0,0,4.2502127,3.8159628,41.063015
1,100,0.72076476,0.087081805,41.063015
