,Iteration,Loss,Train_Loss,a_entropy,b_entropy
0,0,4.2393775,3.8213432,47.87515,47.87515
1,100,0.5288804,0.08004832,35.881733,35.881733
