,Iteration,Loss,Train_Loss,entropy
0,0,4.1409097,3.779065,47.913013
1,100,1.7716804,0.12551029,42.965183
2,200,0.30423656,0.09147692,18.897892
