,Iteration,Loss,Train_Loss,entropy
0,0,4.1528535,3.8028376,47.62704
1,100,0.90430135,0.11143945,40.260563
