,Iteration,Loss,Train_Loss,entropy
0,0,4.1713414,3.8317301,48.00981
1,100,0.5113898,0.10523049,39.56719
