,Iteration,Loss,Train_Loss,entropy
0,0,4.1545672,3.827743,48.14687
1,100,0.41552755,0.100951485,34.56895
