,Iteration,Loss,Train_Loss,entropy
0,0,4.1629295,3.822237,48.102627
1,100,0.4476517,0.1029857,36.163387
