,Iteration,Loss,Train_Loss,entropy
0,0,4.1344156,3.7671313,47.862366
1,100,2.6658993,0.13191432,44.352962
2,200,0.3479628,0.090491496,18.806656
