,Iteration,Loss,Train_Loss,a_entropy,b_entropy
0,0,4.279582,3.8307035,47.93047,47.93047
1,100,0.4721467,0.07897134,40.86875,40.86875
