,Iteration,Loss,Train_Loss,entropy
0,0,4.170614,3.8427455,47.716206
1,100,0.3768927,0.10139641,35.848213
