,Iteration,Loss,Train_Loss,a_entropy,b_entropy
0,0,4.231078,3.7536764,47.561012,47.561012
1,100,2.17246,0.095378995,42.685062,42.685062
