,Iteration,Loss,Train_Loss,a_entropy,b_entropy
0,0,4.2714186,3.8556418,47.683086,47.683086
1,100,0.31323484,0.07793477,35.83343,35.83343
2,200,0.11997235,0.067643896,16.174995,16.174995
3,300,0.09663386,0.06272125,10.883323,10.883323
4,400,0.08772884,0.06209416,8.550892,8.550892
5,500,0.08543538,0.061594136,7.9766197,7.9766197
6,600,0.085334085,0.061417,7.976047,7.976047
7,700,0.08549557,0.061242662,7.9751363,7.9751363
8,800,0.0854093,0.06110658,7.9739485,7.9739485
