,Iteration,Loss,Train_Loss,entropy
0,0,4.111005,3.8587165,47.83841
1,100,1.1169434,0.18054795,41.086403
