,Iteration,Loss,Train_Loss,entropy
0,0,4.154908,3.8622506,48.31804
1,100,0.7750544,0.15290384,43.433315
