,Iteration,Loss,Train_Loss,entropy
0,0,4.0892696,3.8019726,47.83997
1,100,4.266738,0.21910013,47.139996
2,200,1.6485345,0.17392278,36.35619
3,300,0.81829387,0.15242824,21.150206
