,Iteration,Loss,Train_Loss,entropy
0,0,4.1813836,3.8465087,47.88515
1,100,0.38147917,0.10389244,35.962788
