,Iteration,Loss,Train_Loss,entropy
0,0,4.1625433,3.8352487,47.670902
1,100,0.4567869,0.102938056,35.414528
