,Iteration,Loss,Train_Loss,entropy
0,0,4.126506,3.8659828,48.188705
1,100,1.0450566,0.18326336,42.33021
