,Iteration,Loss,Train_Loss,entropy
0,0,4.1408997,3.7764554,47.71806
1,100,1.5322403,0.11781251,41.334988
2,200,0.25682706,0.09384031,14.265848
3,300,0.23035994,0.08973349,11.372833
