,Iteration,Loss,Train_Loss,entropy
0,0,4.1477475,3.761644,47.86045
1,100,2.0639844,0.1226858,43.792896
2,200,0.24702205,0.08629321,15.413692
