,Iteration,Loss,Train_Loss,entropy
0,0,4.1525307,3.8008316,47.666973
1,100,0.755684,0.110465944,39.205933
