,Iteration,Loss,Train_Loss,entropy
0,0,4.1375813,3.7743526,47.92123
1,100,2.204153,0.12867326,43.247738
2,200,0.28038785,0.08655214,16.373362
