,Iteration,Loss,Train_Loss,entropy
0,0,4.13927,3.772636,47.548157
1,100,2.2160375,0.12560941,43.83013
2,200,0.27798504,0.08690419,17.823307
