,Iteration,Loss,Train_Loss,entropy
0,0,4.133028,3.7450316,47.920223
1,100,3.7790885,0.1415357,44.90843
2,200,0.3400014,0.08209976,16.4461
3,300,0.25128844,0.077323735,11.96011
