,Iteration,Loss,Train_Loss,entropy
0,0,4.1056275,3.8502493,47.832157
1,100,1.829807,0.19671032,45.139984
2,200,0.74838907,0.16788693,32.927708
