,Iteration,Loss,Train_Loss,entropy
0,0,4.1575513,3.8023448,47.972622
1,100,0.97571844,0.11455029,42.334328
