,Iteration,Loss,Train_Loss,entropy
0,0,4.104927,3.8445904,47.996338
1,100,2.0261633,0.20118988,45.188023
2,200,0.75042677,0.16736627,33.37335
3,300,0.5161997,0.15851654,22.826738
4,400,0.47383648,0.1545789,19.178736
5,500,0.46972665,0.15213914,19.152475
