,Iteration,Loss,Train_Loss,entropy
0,0,4.1747503,3.8639748,47.857243
1,100,0.7222571,0.14997756,42.19179
