,Iteration,Loss,Train_Loss,a_entropy,b_entropy
0,0,9.64083,8.858862,47.57321,47.57321
1,100,15.9613495,1.5602583,48.031746,48.031746
2,200,10.351287,1.5247462,45.825275,45.825275
3,300,4.1313667,1.4929011,33.2828,33.2828
4,400,2.0299423,1.4685986,14.806238,14.806238
