,Iteration,Loss,Train_Loss,entropy
0,0,4.144377,3.8254223,47.460266
1,100,0.42362455,0.09927668,33.548317
