,Iteration,Loss,Train_Loss,entropy
0,0,4.12343,3.7632456,48.11591
1,100,3.1565888,0.13612233,44.313732
2,200,0.26910022,0.08495976,14.3619795
