,Iteration,Loss,Train_Loss,entropy
0,0,4.153082,3.796608,47.723534
1,100,0.87906003,0.110427916,38.93367
