,Iteration,Loss,Train_Loss,entropy
0,0,4.140043,3.779348,47.729668
1,100,1.9047339,0.12332562,42.937286
2,200,0.23099254,0.08560886,13.423861
