,Iteration,Loss,Train_Loss,entropy
0,0,4.123343,3.890368,48.05046
1,100,0.7195621,0.17955145,43.294006
