,Iteration,Loss,PCA_Loss,Proton_Entropy,Neutron_Entropy
0,0,0.9783354,0.9758981,49.107452,53.069176
1,100,0.3641692,0.4922622,49.00778,53.094486
2,200,0.20056222,0.3419334,48.868954,53.132515
