,Iteration,Loss,Train_Loss,a_entropy,b_entropy
0,0,9.782273,9.136241,47.582516,47.582516
1,100,2.4345608,1.5037467,39.507603,39.507603
