,Iteration,Loss,Train_Loss,entropy
0,0,4.149877,3.8199658,47.668026
1,100,0.50587714,0.10082691,35.977863
