,Iteration,Loss,Train_Loss,entropy
0,0,4.1244946,3.7631564,48.026924
1,100,2.7452796,0.1313179,44.47876
2,200,0.28091383,0.08715057,15.227286
