,Iteration,Loss,Proton_Entropy,Neutron_Entropy
0,0,0.9918085,1.9821796,1.9971586
1,100,0.8876198,1.9857997,1.9943894
2,200,0.769198,1.989805,1.9904542
3,300,0.6398275,1.99071,1.9875346
